"annotation_id","annotator","created_at","id","lead_time","pos","text","updated_at"
71,"1","2025-01-24T14:11:32.689006Z",41,153.808,"[{""start"":0,""end"":9,""text"":""राजस्थान "",""labels"":[""PROPN""]},{""start"":12,""end"":15,""text"":""CM "",""labels"":[""PROPN""]},{""start"":91,""end"":100,""text"":""Interview"",""labels"":[""NOUN""]},{""start"":70,""end"":76,""text"":""शेखावत"",""labels"":[""PROPN""]},{""start"":76,""end"":79,""text"":""..."",""labels"":[""X""]},{""start"":80,""end"":86,""text"":""देखिए "",""labels"":[""VERB""]},{""start"":86,""end"":91,""text"":""पूरा "",""labels"":[""ADJ""]},{""start"":9,""end"":12,""text"":""के "",""labels"":[""ADP""]},{""start"":15,""end"":20,""text"":""बनने "",""labels"":[""VERB""]},{""start"":20,""end"":23,""text"":""के "",""labels"":[""ADP""]},{""start"":23,""end"":28,""text"":""सवाल "",""labels"":[""NOUN""]},{""start"":28,""end"":31,""text"":""पर "",""labels"":[""ADP""]},{""start"":31,""end"":36,""text"":""क्या "",""labels"":[""PRON_WH""]},{""start"":36,""end"":41,""text"":""बोले "",""labels"":[""VERB""]},{""start"":41,""end"":50,""text"":""केंद्रीय "",""labels"":[""ADJ""]},{""start"":50,""end"":57,""text"":""मंत्री "",""labels"":[""NOUN""]},{""start"":57,""end"":65,""text"":""गजेंद्र "",""labels"":[""PROPN""]},{""start"":65,""end"":70,""text"":""सिंह "",""labels"":[""PROPN""]}]","राजस्थान के CM बनने के सवाल पर क्या बोले केंद्रीय मंत्री गजेंद्र सिंह शेखावत... देखिए पूरा Interview","2025-01-24T14:11:32.689006Z"
72,"1","2025-01-24T14:14:20.335259Z",42,161.749,"[{""start"":0,""end"":6,""text"":""World "",""labels"":[""NOUN""]},{""start"":6,""end"":10,""text"":""Cup "",""labels"":[""NOUN""]},{""start"":10,""end"":16,""text"":""Final "",""labels"":[""NOUN""]},{""start"":16,""end"":20,""text"":""2023"",""labels"":[""NUM""]},{""start"":20,""end"":21,""text"":"":"",""labels"":[""X""]},{""start"":27,""end"":38,""text"":""रोहित-विराट"",""labels"":[""NOUN""]},{""start"":22,""end"":27,""text"":""क्या "",""labels"":[""PRON_WH""]},{""start"":39,""end"":42,""text"":""अब "",""labels"":[""ADV""]},{""start"":42,""end"":49,""text"":""वर्ल्ड "",""labels"":[""NOUN""]},{""start"":49,""end"":52,""text"":""कप "",""labels"":[""NOUN""]},{""start"":52,""end"":57,""text"":""नहीं "",""labels"":[""PART_NEG""]},{""start"":57,""end"":65,""text"":""खेलेंगे "",""labels"":[""VERB""]},{""start"":65,""end"":66,""text"":""|"",""labels"":[""X""]},{""start"":67,""end"":73,""text"":""Virat "",""labels"":[""PROPN""]},{""start"":73,""end"":79,""text"":""Kohli "",""labels"":[""PROPN""]},{""start"":81,""end"":87,""text"":""Rohit "",""labels"":[""PROPN""]},{""start"":87,""end"":93,""text"":""Sharma"",""labels"":[""PROPN""]},{""start"":79,""end"":81,""text"":""| "",""labels"":[""X""]}]","World Cup Final 2023: क्या रोहित-विराट अब वर्ल्ड कप नहीं खेलेंगे | Virat Kohli | Rohit Sharma","2025-01-24T14:14:20.335259Z"
73,"1","2025-01-24T14:15:39.424390Z",43,77.107,"[{""start"":11,""end"":17,""text"":""Tunnel"",""labels"":[""NOUN""]},{""start"":18,""end"":24,""text"":""Rescue"",""labels"":[""NOUN""]},{""start"":0,""end"":11,""text"":""Uttarkashi "",""labels"":[""PROPN""]},{""start"":26,""end"":36,""text"":""उत्तरकाशी "",""labels"":[""PROPN""]},{""start"":24,""end"":26,""text"":"": "",""labels"":[""X""]},{""start"":36,""end"":40,""text"":""टनल "",""labels"":[""NOUN""]},{""start"":40,""end"":44,""text"":""में "",""labels"":[""ADP""]},{""start"":44,""end"":49,""text"":""फंसे "",""labels"":[""VERB""]},{""start"":49,""end"":52,""text"":""41 "",""labels"":[""NUM""]},{""start"":52,""end"":60,""text"":""मजदूरों "",""labels"":[""NOUN""]},{""start"":60,""end"":63,""text"":""का "",""labels"":[""ADP""]},{""start"":63,""end"":68,""text"":""पहला "",""labels"":[""ADJ""]},{""start"":68,""end"":73,""text"":""VIDEO"",""labels"":[""NOUN""]}]","Uttarkashi Tunnel Rescue: उत्तरकाशी टनल में फंसे 41 मजदूरों का पहला VIDEO","2025-01-24T14:15:39.424390Z"
74,"1","2025-01-24T14:17:42.680570Z",44,116.14,"[{""start"":0,""end"":6,""text"":""World "",""labels"":[""NOUN""]},{""start"":6,""end"":10,""text"":""Cup "",""labels"":[""NOUN""]},{""start"":10,""end"":16,""text"":""Final "",""labels"":[""NOUN""]},{""start"":16,""end"":20,""text"":""2023"",""labels"":[""NUM""]},{""start"":20,""end"":21,""text"":"":"",""labels"":[""X""]},{""start"":22,""end"":28,""text"":""फाइनल "",""labels"":[""NOUN""]},{""start"":28,""end"":32,""text"":""में "",""labels"":[""ADP""]},{""start"":32,""end"":38,""text"":""INDIA "",""labels"":[""PROPN""]},{""start"":38,""end"":40,""text"":""6 "",""labels"":[""NUM""]},{""start"":40,""end"":46,""text"":""विकेट "",""labels"":[""NOUN""]},{""start"":49,""end"":54,""text"":""हारा "",""labels"":[""VERB""]},{""start"":46,""end"":49,""text"":""से "",""labels"":[""ADP""]},{""start"":56,""end"":60,""text"":""IND "",""labels"":[""PROPN""]},{""start"":63,""end"":66,""text"":""AUS"",""labels"":[""PROPN""]},{""start"":60,""end"":63,""text"":""Vs "",""labels"":[""CONJ""]},{""start"":54,""end"":56,""text"":""| "",""labels"":[""X""]}]","World Cup Final 2023: फाइनल में INDIA 6 विकेट से हारा | IND Vs AUS","2025-01-24T14:17:42.680570Z"
75,"1","2025-01-24T14:21:29.677620Z",45,216.52100000000002,"[{""start"":0,""end"":6,""text"":""World "",""labels"":[""PROPN""]},{""start"":6,""end"":10,""text"":""Cup "",""labels"":[""PROPN""]},{""start"":10,""end"":16,""text"":""Final "",""labels"":[""PROPN""]},{""start"":16,""end"":20,""text"":""2023"",""labels"":[""NUM""]},{""start"":20,""end"":22,""text"":"": "",""labels"":[""X""]},{""start"":22,""end"":26,""text"":""मां "",""labels"":[""NOUN""]},{""start"":26,""end"":29,""text"":""ने "",""labels"":[""ADP""]},{""start"":29,""end"":33,""text"":""शमी "",""labels"":[""PROPN""]},{""start"":33,""end"":36,""text"":""से "",""labels"":[""ADP""]},{""start"":36,""end"":40,""text"":""कहा "",""labels"":[""VERB""]},{""start"":40,""end"":45,""text"":""बेटा "",""labels"":[""NOUN""]},{""start"":45,""end"":51,""text"":""world "",""labels"":[""NOUN""]},{""start"":51,""end"":54,""text"":""cup"",""labels"":[""NOUN""]},{""start"":55,""end"":60,""text"":""चाहिए"",""labels"":[""VERB""]},{""start"":60,""end"":61,""text"":"","",""labels"":[""X""]},{""start"":62,""end"":68,""text"":""finals"",""labels"":[""NOUN""]},{""start"":69,""end"":72,""text"":""से "",""labels"":[""ADP""]},{""start"":72,""end"":77,""text"":""पहले "",""labels"":[""ADV""]},{""start"":77,""end"":81,""text"":""शमी "",""labels"":[""PROPN""]},{""start"":81,""end"":84,""text"":""की "",""labels"":[""ADP""]},{""start"":93,""end"":96,""text"":""बात"",""labels"":[""VERB""]},{""start"":84,""end"":90,""text"":""अम्मी "",""labels"":[""NOUN""]},{""start"":90,""end"":93,""text"":""से "",""labels"":[""ADP""]}]","World Cup Final 2023: मां ने शमी से कहा बेटा world cup चाहिए, finals से पहले शमी की अम्मी से बात","2025-01-24T14:21:29.677620Z"
76,"1","2025-01-24T14:23:47.931489Z",46,129.496,"[{""start"":0,""end"":6,""text"":""World "",""labels"":[""NOUN""]},{""start"":6,""end"":10,""text"":""Cup "",""labels"":[""NOUN""]},{""start"":10,""end"":16,""text"":""Final "",""labels"":[""NOUN""]},{""start"":16,""end"":21,""text"":""2023 "",""labels"":[""NUM""]},{""start"":21,""end"":25,""text"":""Ind "",""labels"":[""PROPN""]},{""start"":28,""end"":31,""text"":""Aus"",""labels"":[""PROPN""]},{""start"":25,""end"":28,""text"":""Vs "",""labels"":[""CONJ""]},{""start"":31,""end"":33,""text"":"": "",""labels"":[""X""]},{""start"":33,""end"":40,""text"":""Bharat "",""labels"":[""PROPN""]},{""start"":40,""end"":43,""text"":""की "",""labels"":[""NOUN""]},{""start"":43,""end"":47,""text"":""जीत "",""labels"":[""ADP""]},{""start"":50,""end"":54,""text"":""लिए "",""labels"":[""ADP""]},{""start"":54,""end"":66,""text"":""महाकालेश्वर "",""labels"":[""PROPN""]},{""start"":66,""end"":72,""text"":""मंदिर "",""labels"":[""NOUN""]},{""start"":72,""end"":76,""text"":""में "",""labels"":[""ADP""]},{""start"":76,""end"":80,""text"":""पूजा"",""labels"":[""NOUN""]}]","World Cup Final 2023 Ind Vs Aus: Bharat की जीत के लिए महाकालेश्वर मंदिर में पूजा","2025-01-24T14:23:47.931489Z"
77,"1","2025-01-24T14:25:50.921164Z",47,114.97500000000001,"[{""start"":0,""end"":6,""text"":""World "",""labels"":[""NOUN""]},{""start"":6,""end"":10,""text"":""Cup "",""labels"":[""NOUN""]},{""start"":10,""end"":16,""text"":""Final "",""labels"":[""NOUN""]},{""start"":16,""end"":21,""text"":""2023 "",""labels"":[""NUM""]},{""start"":21,""end"":25,""text"":""IND "",""labels"":[""PROPN""]},{""start"":28,""end"":31,""text"":""AUS"",""labels"":[""PROPN""]},{""start"":25,""end"":28,""text"":""Vs "",""labels"":[""CONJ""]},{""start"":31,""end"":33,""text"":"": "",""labels"":[""X""]},{""start"":33,""end"":39,""text"":""Final "",""labels"":[""NOUN""]},{""start"":42,""end"":45,""text"":""22 "",""labels"":[""NUM""]},{""start"":45,""end"":55,""text"":""खिलाड़ियों"",""labels"":[""NOUN""]},{""start"":56,""end"":59,""text"":""का "",""labels"":[""ADP""]},{""start"":59,""end"":64,""text"":""फेसऑफ"",""labels"":[""PROPN""]},{""start"":64,""end"":66,""text"":"", "",""labels"":[""X""]},{""start"":66,""end"":71,""text"":""भारत "",""labels"":[""PROPN""]},{""start"":71,""end"":74,""text"":""के "",""labels"":[""ADP""]},{""start"":74,""end"":77,""text"":""टॉप"",""labels"":[""ADJ""]},{""start"":77,""end"":78,""text"":""-"",""labels"":[""X""]},{""start"":78,""end"":80,""text"":""5 "",""labels"":[""NUM""]},{""start"":80,""end"":87,""text"":""बैटर्स "",""labels"":[""NOUN""]},{""start"":87,""end"":90,""text"":""के "",""labels"":[""ADP""]},{""start"":90,""end"":94,""text"":""नाम "",""labels"":[""NOUN""]},{""start"":94,""end"":96,""text"":""7 "",""labels"":[""NUM""]},{""start"":96,""end"":99,""text"":""शतक"",""labels"":[""NOUN""]}]","World Cup Final 2023 IND Vs AUS: Final के 22 खिलाड़ियों का फेसऑफ, भारत के टॉप-5 बैटर्स के नाम 7 शतक","2025-01-24T14:25:50.921164Z"
78,"1","2025-01-24T14:27:56.426452Z",48,119.55,"[{""start"":0,""end"":6,""text"":""Chhat "",""labels"":[""PROPN""]},{""start"":6,""end"":11,""text"":""Puja "",""labels"":[""PROPN""]},{""start"":11,""end"":15,""text"":""2023"",""labels"":[""NUM""]},{""start"":15,""end"":17,""text"":"": "",""labels"":[""X""]},{""start"":17,""end"":25,""text"":""नहाय-खाय"",""labels"":[""NOUN""]},{""start"":26,""end"":29,""text"":""के "",""labels"":[""ADP""]},{""start"":29,""end"":33,""text"":""साथ "",""labels"":[""ADP""]},{""start"":33,""end"":36,""text"":""छठ "",""labels"":[""PROPN""]},{""start"":36,""end"":44,""text"":""महापर्व "",""labels"":[""PROPN""]},{""start"":44,""end"":47,""text"":""की "",""labels"":[""ADP""]},{""start"":47,""end"":53,""text"":""शुरुआत"",""labels"":[""NOUN""]},{""start"":53,""end"":55,""text"":"": "",""labels"":[""X""]},{""start"":55,""end"":64,""text"":""व्रतियों "",""labels"":[""NOUN""]},{""start"":67,""end"":73,""text"":""Ganga "",""labels"":[""PROPN""]},{""start"":64,""end"":67,""text"":""ने "",""labels"":[""ADP""]},{""start"":73,""end"":77,""text"":""में "",""labels"":[""VERB""]},{""start"":77,""end"":82,""text"":""लगाई "",""labels"":[""VERB""]},{""start"":82,""end"":87,""text"":""डुबकी"",""labels"":[""NOUN""]}]","Chhat Puja 2023: नहाय-खाय के साथ छठ महापर्व की शुरुआत: व्रतियों ने Ganga में लगाई डुबकी","2025-01-24T14:27:56.426452Z"
79,"1","2025-01-24T14:30:31.145781Z",49,132.31799999999998,"[{""start"":0,""end"":10,""text"":""Interview "",""labels"":[""NOUN""]},{""start"":76,""end"":81,""text"":""Neta "",""labels"":[""PROPN""]},{""start"":81,""end"":84,""text"":""Ji "",""labels"":[""PROPN""]},{""start"":84,""end"":93,""text"":""NewsRoom "",""labels"":[""PROPN""]},{""start"":93,""end"":97,""text"":""Mein"",""labels"":[""ADP""]},{""start"":67,""end"":74,""text"":""वैष्णव "",""labels"":[""PROPN""]},{""start"":74,""end"":76,""text"":""| "",""labels"":[""X""]},{""start"":59,""end"":67,""text"":""अश्विनी "",""labels"":[""PROPN""]},{""start"":54,""end"":59,""text"":""बोले "",""labels"":[""VERB""]},{""start"":49,""end"":54,""text"":""क्या "",""labels"":[""PRON_WH""]},{""start"":46,""end"":49,""text"":""पर "",""labels"":[""ADP""]},{""start"":12,""end"":15,""text"":""ED "",""labels"":[""PROPN""]},{""start"":18,""end"":22,""text"":""CBI "",""labels"":[""PROPN""]},{""start"":15,""end"":18,""text"":""और "",""labels"":[""CONJ""]},{""start"":22,""end"":25,""text"":""के "",""labels"":[""ADP""]},{""start"":25,""end"":29,""text"":""काम "",""labels"":[""NOUN""]},{""start"":29,""end"":31,""text"":""पर"",""labels"":[""ADP""]},{""start"":32,""end"":37,""text"":""होने "",""labels"":[""VERB""]},{""start"":37,""end"":42,""text"":""वाले "",""labels"":[""ADP""]},{""start"":42,""end"":46,""text"":""वार "",""labels"":[""NOUN""]}]","Interview | ED और CBI के काम पर होने वाले वार पर क्या बोले अश्विनी वैष्णव | Neta Ji NewsRoom Mein","2025-01-24T14:30:31.145781Z"
41,"1","2025-01-24T12:49:02.475072Z",50,471.716,"[{""start"":0,""end"":8,""text"":""Raymond "",""labels"":[""PROPN""]},{""start"":8,""end"":11,""text"":""MD "",""labels"":[""PROPN""]},{""start"":11,""end"":18,""text"":""Divorce"",""labels"":[""PROPN""]},{""start"":18,""end"":20,""text"":"": "",""labels"":[""PROPN""]},{""start"":20,""end"":28,""text"":""Raymond "",""labels"":[""PROPN""]},{""start"":28,""end"":31,""text"":""के "",""labels"":[""ADP""]},{""start"":31,""end"":34,""text"":""MD "",""labels"":[""NOUN""]},{""start"":34,""end"":39,""text"":""गौतम "",""labels"":[""PROPN""]},{""start"":39,""end"":49,""text"":""सिंघानिया "",""labels"":[""PROPN""]},{""start"":49,""end"":55,""text"":""पत्नी "",""labels"":[""NOUN""]},{""start"":55,""end"":60,""text"":""नवाज "",""labels"":[""PROPN""]},{""start"":60,""end"":63,""text"":""से "",""labels"":[""ADP""]},{""start"":63,""end"":66,""text"":""अलग"",""labels"":[""ADJ""]},{""start"":67,""end"":70,""text"":""हुए"",""labels"":[""VERB""]}]","Raymond MD Divorce: Raymond के MD गौतम सिंघानिया पत्नी नवाज से अलग हुए","2025-01-24T12:49:02.475072Z"
61,"1","2025-01-24T12:56:29.850990Z",51,353.74899999999997,"[{""start"":0,""end"":6,""text"":""Delhi "",""labels"":[""PROPN""]},{""start"":6,""end"":10,""text"":""Rain"",""labels"":[""NOUN""]},{""start"":10,""end"":12,""text"":"": "",""labels"":[""X""]},{""start"":12,""end"":15,""text"":""SC "",""labels"":[""PROPN""]},{""start"":15,""end"":19,""text"":""बोला"",""labels"":[""VERB""]},{""start"":19,""end"":21,""text"":""- "",""labels"":[""X""]},{""start"":21,""end"":26,""text"":""हमें "",""labels"":[""PRON""]},{""start"":26,""end"":32,""text"":""नतीजे "",""labels"":[""NOUN""]},{""start"":32,""end"":37,""text"":""चाहिए"",""labels"":[""VERB""]},{""start"":37,""end"":39,""text"":"", "",""labels"":[""X""]},{""start"":39,""end"":48,""text"":""केजरीवाल "",""labels"":[""PROPN""]},{""start"":48,""end"":54,""text"":""सरकार "",""labels"":[""NOUN""]},{""start"":54,""end"":58,""text"":""बोली"",""labels"":[""VERB""]},{""start"":58,""end"":60,""text"":""- "",""labels"":[""X""]},{""start"":60,""end"":66,""text"":""बारिश "",""labels"":[""NOUN""]},{""start"":66,""end"":69,""text"":""से "",""labels"":[""ADP""]},{""start"":69,""end"":73,""text"":""एयर "",""labels"":[""NOUN""]},{""start"":73,""end"":82,""text"":""क्वालिटी "",""labels"":[""NOUN""]},{""start"":82,""end"":87,""text"":""बेहतर"",""labels"":[""ADJ""]},{""start"":87,""end"":88,""text"":""."",""labels"":[""X""]}]","Delhi Rain: SC बोला- हमें नतीजे चाहिए, केजरीवाल सरकार बोली- बारिश से एयर क्वालिटी बेहतर.","2025-01-24T12:56:29.850990Z"
62,"1","2025-01-24T13:00:42.413094Z",52,236.918,"[{""start"":0,""end"":3,""text"":""PM "",""labels"":[""PROPN""]},{""start"":80,""end"":85,""text"":""India"",""labels"":[""PROPN""]},{""start"":16,""end"":20,""text"":""G20 "",""labels"":[""PROPN""]},{""start"":69,""end"":72,""text"":""G20"",""labels"":[""PROPN""]},{""start"":37,""end"":42,""text"":""Modi "",""labels"":[""PROPN""]},{""start"":3,""end"":7,""text"":""कोई "",""labels"":[""PRON""]},{""start"":10,""end"":14,""text"":""होता"",""labels"":[""VERB""]},{""start"":7,""end"":10,""text"":""भी "",""labels"":[""PART""]},{""start"":20,""end"":23,""text"":""तो "",""labels"":[""PART""]},{""start"":23,""end"":28,""text"":""होना "",""labels"":[""VERB""]},{""start"":28,""end"":31,""text"":""ही "",""labels"":[""PART""]},{""start"":31,""end"":33,""text"":""था"",""labels"":[""VERB""]},{""start"":33,""end"":36,""text"":""..."",""labels"":[""X""]},{""start"":42,""end"":44,""text"":""का"",""labels"":[""ADP""]},{""start"":45,""end"":50,""text"":""इतना "",""labels"":[""ADV""]},{""start"":50,""end"":60,""text"":""महिमामंडन "",""labels"":[""NOUN""]},{""start"":60,""end"":65,""text"":""क्यों"",""labels"":[""PRON_WH""]},{""start"":65,""end"":67,""text"":""? "",""labels"":[""X""]},{""start"":67,""end"":69,""text"":""| "",""labels"":[""X""]},{""start"":73,""end"":80,""text"":""Summit "",""labels"":[""NOUN""]}]","PM कोई भी होता, G20 तो होना ही था... Modi का इतना महिमामंडन क्यों? | G20 Summit India","2025-01-24T13:00:42.413094Z"
63,"1","2025-01-24T13:03:29.747815Z",53,152.588,"[{""start"":0,""end"":9,""text"":""Priyanka "",""labels"":[""PROPN""]},{""start"":9,""end"":16,""text"":""Gandhi "",""labels"":[""PROPN""]},{""start"":81,""end"":84,""text"":""CM "",""labels"":[""PROPN""]},{""start"":84,""end"":90,""text"":""Ashok "",""labels"":[""PROPN""]},{""start"":90,""end"":96,""text"":""Gehlot"",""labels"":[""PROPN""]},{""start"":69,""end"":78,""text"":""Rajasthan"",""labels"":[""PROPN""]},{""start"":16,""end"":18,""text"":""ने"",""labels"":[""ADP""]},{""start"":19,""end"":24,""text"":""बताई "",""labels"":[""VERB""]},{""start"":24,""end"":31,""text"":""नेताओं "",""labels"":[""NOUN""]},{""start"":31,""end"":34,""text"":""की "",""labels"":[""ADP""]},{""start"":34,""end"":39,""text"":""पहचान"",""labels"":[""NOUN""]},{""start"":39,""end"":41,""text"":"", "",""labels"":[""X""]},{""start"":41,""end"":46,""text"":""नेता "",""labels"":[""NOUN""]},{""start"":46,""end"":48,""text"":""2 "",""labels"":[""NUM""]},{""start"":48,""end"":52,""text"":""तरह "",""labels"":[""NOUN""]},{""start"":52,""end"":55,""text"":""के "",""labels"":[""ADP""]},{""start"":55,""end"":60,""text"":""होते "",""labels"":[""VERB""]},{""start"":60,""end"":63,""text"":""हैं"",""labels"":[""VERB""]},{""start"":63,""end"":66,""text"":""..."",""labels"":[""X""]},{""start"":67,""end"":68,""text"":""|"",""labels"":[""X""]},{""start"":79,""end"":81,""text"":""| "",""labels"":[""X""]}]","Priyanka Gandhi ने बताई नेताओं की पहचान, नेता 2 तरह के होते हैं... | Rajasthan | CM Ashok Gehlot","2025-01-24T13:03:29.747815Z"
64,"1","2025-01-24T13:09:04.418170Z",54,304.24100000000004,"[{""start"":0,""end"":9,""text"":""Priyanka "",""labels"":[""PROPN""]},{""start"":9,""end"":16,""text"":""Gandhi "",""labels"":[""PROPN""]},{""start"":22,""end"":32,""text"":""Rajasthan "",""labels"":[""PROPN""]},{""start"":78,""end"":86,""text"":""राजस्थान"",""labels"":[""PROPN""]},{""start"":16,""end"":19,""text"":""ने "",""labels"":[""ADP""]},{""start"":19,""end"":22,""text"":""की "",""labels"":[""VERB""]},{""start"":32,""end"":35,""text"":""की "",""labels"":[""VERB""]},{""start"":35,""end"":40,""text"":""तारीफ"",""labels"":[""NOUN""]},{""start"":40,""end"":42,""text"":"".."",""labels"":[""X""]},{""start"":43,""end"":50,""text"":""कर्तव्य"",""labels"":[""NOUN""]},{""start"":50,""end"":51,""text"":"","",""labels"":[""X""]},{""start"":52,""end"":57,""text"":""सेवा "",""labels"":[""NOUN""]},{""start"":69,""end"":75,""text"":""मिसाल "",""labels"":[""NOUN""]},{""start"":75,""end"":77,""text"":""है"",""labels"":[""VERB""]},{""start"":66,""end"":69,""text"":""की "",""labels"":[""VERB""]},{""start"":86,""end"":87,""text"":""।"",""labels"":[""X""]},{""start"":57,""end"":60,""text"":""और "",""labels"":[""CONJ""]},{""start"":60,""end"":66,""text"":""वीरता "",""labels"":[""NOUN""]}]","Priyanka Gandhi ने की Rajasthan की तारीफ.. कर्तव्य, सेवा और वीरता की मिसाल है राजस्थान।","2025-01-24T13:09:04.418170Z"
65,"1","2025-01-24T13:17:49.688693Z",55,481.00800000000004,"[{""start"":15,""end"":21,""text"":""INDIA "",""labels"":[""PROPN""]},{""start"":28,""end"":34,""text"":""INDIA "",""labels"":[""PROPN""]},{""start"":81,""end"":87,""text"":""Imran "",""labels"":[""PROPN""]},{""start"":87,""end"":98,""text"":""Pratapgarhi"",""labels"":[""PROPN""]},{""start"":3,""end"":8,""text"":""भारत "",""labels"":[""PROPN""]},{""start"":41,""end"":46,""text"":""भारत "",""labels"":[""PROPN""]},{""start"":0,""end"":3,""text"":""जो "",""labels"":[""PROPN""]},{""start"":3,""end"":8,""text"":""भारत "",""labels"":[""PROPN""]},{""start"":15,""end"":21,""text"":""INDIA "",""labels"":[""PROPN""]},{""start"":81,""end"":87,""text"":""Imran "",""labels"":[""PROPN""]},{""start"":87,""end"":98,""text"":""Pratapgarhi"",""labels"":[""PROPN""]},{""start"":28,""end"":34,""text"":""INDIA "",""labels"":[""PROPN""]},{""start"":41,""end"":46,""text"":""भारत "",""labels"":[""PROPN""]},{""start"":8,""end"":11,""text"":""है "",""labels"":[""PROPN""]},{""start"":11,""end"":15,""text"":""वही "",""labels"":[""PROPN""]},{""start"":21,""end"":23,""text"":""है"",""labels"":[""PROPN""]},{""start"":23,""end"":25,""text"":"", "",""labels"":[""PROPN""]},{""start"":25,""end"":28,""text"":""जो "",""labels"":[""PROPN""]},{""start"":34,""end"":37,""text"":""है "",""labels"":[""PROPN""]},{""start"":37,""end"":41,""text"":""वही "",""labels"":[""PROPN""]},{""start"":46,""end"":48,""text"":""है"",""labels"":[""PROPN""]},{""start"":58,""end"":64,""text"":""अडानी "",""labels"":[""PROPN""]},{""start"":48,""end"":49,""text"":"","",""labels"":[""X""]},{""start"":50,""end"":55,""text"":""जैसे "",""labels"":[""ADP""]},{""start"":55,""end"":58,""text"":""जो "",""labels"":[""PRON_WH""]},{""start"":64,""end"":67,""text"":""है "",""labels"":[""VERB""]},{""start"":67,""end"":71,""text"":""वही "",""labels"":[""PRON""]},{""start"":71,""end"":76,""text"":""मोदी "",""labels"":[""PROPN""]},{""start"":76,""end"":78,""text"":""है"",""labels"":[""VERB""]},{""start"":79,""end"":80,""text"":""-"",""labels"":[""X""]},{""start"":78,""end"":79,""text"":""'"",""labels"":[""X""]}]","जो भारत है वही INDIA है, जो INDIA है वही भारत है, जैसे जो अडानी है वही मोदी है'- Imran Pratapgarhi","2025-01-24T13:17:49.688693Z"
66,"1","2025-01-24T13:21:27.668930Z",56,231.74,"[{""start"":0,""end"":4,""text"":""G20 "",""labels"":[""PROPN""]},{""start"":11,""end"":14,""text"":""PM "",""labels"":[""PROPN""]},{""start"":14,""end"":19,""text"":""Modi "",""labels"":[""PROPN""]},{""start"":86,""end"":90,""text"":""G20 "",""labels"":[""PROPN""]},{""start"":51,""end"":57,""text"":""Delhi "",""labels"":[""PROPN""]},{""start"":4,""end"":7,""text"":""के "",""labels"":[""ADP""]},{""start"":7,""end"":11,""text"":""लिए "",""labels"":[""ADP""]},{""start"":19,""end"":22,""text"":""ने "",""labels"":[""ADP""]},{""start"":22,""end"":27,""text"":""भारत "",""labels"":[""PROPN""]},{""start"":30,""end"":37,""text"":""गरीबों "",""labels"":[""NOUN""]},{""start"":27,""end"":30,""text"":""के "",""labels"":[""ADP""]},{""start"":37,""end"":40,""text"":""को "",""labels"":[""ADP""]},{""start"":40,""end"":45,""text"":""रुला "",""labels"":[""VERB""]},{""start"":45,""end"":49,""text"":""दिया"",""labels"":[""VERB""]},{""start"":49,""end"":51,""text"":""। "",""labels"":[""X""]},{""start"":57,""end"":62,""text"":""Slum "",""labels"":[""NOUN""]},{""start"":62,""end"":70,""text"":""Covered "",""labels"":[""VERB""]},{""start"":70,""end"":72,""text"":""| "",""labels"":[""X""]},{""start"":72,""end"":79,""text"":""Street "",""labels"":[""NOUN""]},{""start"":79,""end"":84,""text"":""Dogs "",""labels"":[""NOUN""]},{""start"":84,""end"":86,""text"":""| "",""labels"":[""X""]},{""start"":90,""end"":96,""text"":""Summit"",""labels"":[""PROPN""]}]","G20 के लिए PM Modi ने भारत के गरीबों को रुला दिया। Delhi Slum Covered | Street Dogs | G20 Summit","2025-01-24T13:21:48.333648Z"
67,"1","2025-01-24T13:57:20.522385Z",57,2126.171,"[{""start"":84,""end"":93,""text"":""Priyanka "",""labels"":[""ADJ""]},{""start"":93,""end"":99,""text"":""Gandhi"",""labels"":[""PROPN""]},{""start"":57,""end"":62,""text"":""Modi "",""labels"":[""ADJ""]},{""start"":22,""end"":25,""text"":""G20"",""labels"":[""ADJ""]},{""start"":0,""end"":6,""text"":""थोड़ी "",""labels"":[""ADJ""]},{""start"":6,""end"":9,""text"":""सी "",""labels"":[""PART""]},{""start"":9,""end"":15,""text"":""बारिश "",""labels"":[""NOUN""]},{""start"":26,""end"":34,""text"":""सम्मेलन "",""labels"":[""NOUN""]},{""start"":34,""end"":39,""text"":""स्थल "",""labels"":[""NOUN""]},{""start"":39,""end"":48,""text"":""पानी-पानी"",""labels"":[""NOUN""]},{""start"":49,""end"":52,""text"":""हो "",""labels"":[""VERB""]},{""start"":52,""end"":55,""text"":""गया"",""labels"":[""VERB""]},{""start"":62,""end"":65,""text"":""जी "",""labels"":[""PRON""]},{""start"":65,""end"":72,""text"":""अहंकार "",""labels"":[""NOUN""]},{""start"":72,""end"":75,""text"":""मत "",""labels"":[""PART_NEG""]},{""start"":75,""end"":78,""text"":""करो"",""labels"":[""VERB""]},{""start"":78,""end"":81,""text"":""..."",""labels"":[""X""]},{""start"":82,""end"":83,""text"":""|"",""labels"":[""X""]},{""start"":15,""end"":19,""text"":""में "",""labels"":[""ADP""]},{""start"":19,""end"":22,""text"":""ही "",""labels"":[""PART""]}]","थोड़ी सी बारिश में ही G20 सम्मेलन स्थल पानी-पानी हो गया, Modi जी अहंकार मत करो... | Priyanka Gandhi","2025-01-24T13:57:20.522385Z"
68,"1","2025-01-24T14:00:07.240426Z",58,135.671,"[{""start"":0,""end"":3,""text"":""CM "",""labels"":[""PROPN""]},{""start"":3,""end"":9,""text"":""Ashok "",""labels"":[""PROPN""]},{""start"":9,""end"":16,""text"":""Gehlot "",""labels"":[""PROPN""]},{""start"":16,""end"":18,""text"":""ने"",""labels"":[""ADJ""]},{""start"":19,""end"":24,""text"":""बताई "",""labels"":[""VERB""]},{""start"":24,""end"":29,""text"":""क्या "",""labels"":[""PRON_WH""]},{""start"":29,""end"":33,""text"":""हैं "",""labels"":[""VERB""]},{""start"":33,""end"":38,""text"":""उनकी "",""labels"":[""PRON""]},{""start"":38,""end"":42,""text"":""ज़िद"",""labels"":[""NOUN""]},{""start"":42,""end"":45,""text"":""..."",""labels"":[""X""]},{""start"":46,""end"":48,""text"":""| "",""labels"":[""X""]},{""start"":48,""end"":52,""text"":""Full"",""labels"":[""ADJ""]},{""start"":53,""end"":60,""text"":""Speech "",""labels"":[""NOUN""]},{""start"":60,""end"":61,""text"":""|"",""labels"":[""X""]},{""start"":62,""end"":72,""text"":""Rajasthan "",""labels"":[""PROPN""]},{""start"":72,""end"":81,""text"":""Election "",""labels"":[""NOUN""]},{""start"":81,""end"":82,""text"":""|"",""labels"":[""X""]},{""start"":83,""end"":88,""text"":""अशोक "",""labels"":[""PROPN""]},{""start"":88,""end"":93,""text"":""गहलोत"",""labels"":[""PROPN""]}]","CM Ashok Gehlot ने बताई क्या हैं उनकी ज़िद... | Full Speech | Rajasthan Election | अशोक गहलोत","2025-01-24T14:00:07.240426Z"
69,"1","2025-01-24T14:02:39.710626Z",59,128.446,"[{""start"":0,""end"":5,""text"":""Modi "",""labels"":[""PROPN""]},{""start"":62,""end"":69,""text"":""Gandhi "",""labels"":[""PROPN""]},{""start"":83,""end"":92,""text"":""Rajasthan"",""labels"":[""PROPN""]},{""start"":53,""end"":62,""text"":""Priyanka "",""labels"":[""PROPN""]},{""start"":14,""end"":20,""text"":""भगवान "",""labels"":[""NOUN""]},{""start"":69,""end"":74,""text"":""Full "",""labels"":[""ADJ""]},{""start"":74,""end"":81,""text"":""Speech "",""labels"":[""NOUN""]},{""start"":5,""end"":8,""text"":""जी "",""labels"":[""PRON""]},{""start"":8,""end"":11,""text"":""अब "",""labels"":[""ADV""]},{""start"":11,""end"":14,""text"":""तो "",""labels"":[""PART""]},{""start"":20,""end"":23,""text"":""भी "",""labels"":[""PART""]},{""start"":23,""end"":26,""text"":""कह "",""labels"":[""VERB""]},{""start"":26,""end"":30,""text"":""रहे "",""labels"":[""VERB""]},{""start"":30,""end"":34,""text"":""हैं "",""labels"":[""VERB""]},{""start"":34,""end"":41,""text"":""अहंकार "",""labels"":[""NOUN""]},{""start"":41,""end"":44,""text"":""कम "",""labels"":[""ADJ""]},{""start"":44,""end"":47,""text"":""कर "",""labels"":[""VERB""]},{""start"":47,""end"":49,""text"":""दो"",""labels"":[""VERB""]},{""start"":50,""end"":52,""text"":"".."",""labels"":[""X""]}]","Modi जी अब तो भगवान भी कह रहे हैं अहंकार कम कर दो... Priyanka Gandhi Full Speech | Rajasthan","2025-01-24T14:02:39.710626Z"
70,"1","2025-01-24T14:07:55.987321Z",60,77.26599999999999,"[{""start"":0,""end"":7,""text"":""Indira "",""labels"":[""PROPN""]},{""start"":7,""end"":14,""text"":""Gandhi "",""labels"":[""PROPN""]},{""start"":24,""end"":35,""text"":""Sukhjinder "",""labels"":[""PROPN""]},{""start"":35,""end"":41,""text"":""Singh "",""labels"":[""PROPN""]},{""start"":41,""end"":50,""text"":""Randhawa "",""labels"":[""PROPN""]},{""start"":53,""end"":62,""text"":""Priyanka "",""labels"":[""PROPN""]},{""start"":62,""end"":69,""text"":""Gandhi "",""labels"":[""PROPN""]},{""start"":14,""end"":17,""text"":""को "",""labels"":[""ADP""]},{""start"":17,""end"":21,""text"":""याद "",""labels"":[""VERB""]},{""start"":21,""end"":24,""text"":""कर "",""labels"":[""VERB""]},{""start"":50,""end"":53,""text"":""ने "",""labels"":[""ADP""]},{""start"":69,""end"":72,""text"":""के "",""labels"":[""ADP""]},{""start"":72,""end"":78,""text"":""सामने "",""labels"":[""NOUN""]},{""start"":78,""end"":82,""text"":""कही "",""labels"":[""VERB""]},{""start"":82,""end"":87,""text"":""बड़ी "",""labels"":[""ADJ""]},{""start"":87,""end"":90,""text"":""बात"",""labels"":[""NOUN""]},{""start"":90,""end"":91,""text"":""।"",""labels"":[""X""]}]","Indira Gandhi को याद कर Sukhjinder Singh Randhawa ने Priyanka Gandhi के सामने कही बड़ी बात।","2025-01-24T14:07:55.987321Z"
