"annotation_id","annotator","created_at","id","label","lead_time","text","updated_at"
22,"1","2025-01-24T10:49:13.766051Z",14538,"[{""start"":0,""end"":8,""text"":""राजस्थान"",""labels"":[""PROPN""]},{""start"":9,""end"":11,""text"":""के"",""labels"":[""ADP""]},{""start"":12,""end"":14,""text"":""CM"",""labels"":[""PROPN""]},{""start"":15,""end"":19,""text"":""बनने"",""labels"":[""VERB""]},{""start"":20,""end"":22,""text"":""के"",""labels"":[""ADP""]},{""start"":23,""end"":27,""text"":""सवाल"",""labels"":[""NOUN""]},{""start"":28,""end"":30,""text"":""पर"",""labels"":[""ADP""]},{""start"":31,""end"":35,""text"":""क्या"",""labels"":[""PRON_WH""]},{""start"":36,""end"":40,""text"":""बोले"",""labels"":[""VERB""]},{""start"":41,""end"":49,""text"":""केंद्रीय"",""labels"":[""ADJ""]},{""start"":50,""end"":56,""text"":""मंत्री"",""labels"":[""NOUN""]},{""start"":57,""end"":64,""text"":""गजेंद्र"",""labels"":[""PROPN""]},{""start"":65,""end"":69,""text"":""सिंह"",""labels"":[""PROPN""]},{""start"":70,""end"":76,""text"":""शेखावत"",""labels"":[""PROPN""]},{""start"":76,""end"":79,""text"":""..."",""labels"":[""X""]},{""start"":80,""end"":85,""text"":""देखिए"",""labels"":[""VERB""]},{""start"":86,""end"":90,""text"":""पूरा"",""labels"":[""ADJ""]},{""start"":91,""end"":100,""text"":""Interview"",""labels"":[""NOUN""]}]",395.756,"राजस्थान के CM बनने के सवाल पर क्या बोले केंद्रीय मंत्री गजेंद्र सिंह शेखावत... देखिए पूरा Interview","2025-01-24T10:49:13.766051Z"
23,"1","2025-01-24T10:55:00.198146Z",14539,"[{""start"":0,""end"":5,""text"":""World"",""labels"":[""PROPN""]},{""start"":6,""end"":10,""text"":""Cup "",""labels"":[""PROPN""]},{""start"":10,""end"":15,""text"":""Final"",""labels"":[""PROPN""]},{""start"":16,""end"":20,""text"":""2023"",""labels"":[""NUM""]},{""start"":20,""end"":21,""text"":"":"",""labels"":[""X""]},{""start"":22,""end"":26,""text"":""क्या"",""labels"":[""PRON_WH""]},{""start"":27,""end"":38,""text"":""रोहित-विराट"",""labels"":[""PROPN""]},{""start"":39,""end"":41,""text"":""अब"",""labels"":[""ADJ""]},{""start"":42,""end"":48,""text"":""वर्ल्ड"",""labels"":[""PROPN""]},{""start"":49,""end"":52,""text"":""कप "",""labels"":[""PROPN""]},{""start"":52,""end"":56,""text"":""नहीं"",""labels"":[""PART_NEG""]},{""start"":57,""end"":64,""text"":""खेलेंगे"",""labels"":[""VERB""]},{""start"":81,""end"":93,""text"":""Rohit Sharma"",""labels"":[""PROPN""]},{""start"":67,""end"":78,""text"":""Virat Kohli"",""labels"":[""PROPN""]},{""start"":65,""end"":66,""text"":""|"",""labels"":[""X""]},{""start"":79,""end"":80,""text"":""|"",""labels"":[""X""]}]",301.777,"World Cup Final 2023: क्या रोहित-विराट अब वर्ल्ड कप नहीं खेलेंगे | Virat Kohli | Rohit Sharma","2025-01-24T10:55:00.198146Z"
24,"1","2025-01-24T10:57:42.074330Z",14540,"[{""start"":0,""end"":11,""text"":""Uttarkashi "",""labels"":[""PROPN""]},{""start"":11,""end"":18,""text"":""Tunnel "",""labels"":[""NOUN""]},{""start"":18,""end"":24,""text"":""Rescue"",""labels"":[""NOUN""]},{""start"":24,""end"":25,""text"":"":"",""labels"":[""X""]},{""start"":26,""end"":36,""text"":""उत्तरकाशी "",""labels"":[""PROPN""]},{""start"":36,""end"":40,""text"":""टनल "",""labels"":[""NOUN""]},{""start"":40,""end"":44,""text"":""में "",""labels"":[""ADP""]},{""start"":44,""end"":49,""text"":""फंसे "",""labels"":[""VERB""]},{""start"":49,""end"":52,""text"":""41 "",""labels"":[""NUM""]},{""start"":52,""end"":60,""text"":""मजदूरों "",""labels"":[""NOUN""]},{""start"":60,""end"":63,""text"":""का "",""labels"":[""ADP""]},{""start"":63,""end"":68,""text"":""पहला "",""labels"":[""ADJ""]},{""start"":68,""end"":73,""text"":""VIDEO"",""labels"":[""PROPN""]}]",150.674,"Uttarkashi Tunnel Rescue: उत्तरकाशी टनल में फंसे 41 मजदूरों का पहला VIDEO","2025-01-24T10:57:42.074330Z"
25,"1","2025-01-24T10:59:51.601339Z",14541,"[{""start"":0,""end"":6,""text"":""World "",""labels"":[""PROPN""]},{""start"":6,""end"":10,""text"":""Cup "",""labels"":[""PROPN""]},{""start"":10,""end"":16,""text"":""Final "",""labels"":[""PROPN""]},{""start"":16,""end"":20,""text"":""2023"",""labels"":[""NUM""]},{""start"":20,""end"":21,""text"":"":"",""labels"":[""X""]},{""start"":22,""end"":28,""text"":""फाइनल "",""labels"":[""NOUN""]},{""start"":28,""end"":32,""text"":""में "",""labels"":[""ADP""]},{""start"":32,""end"":38,""text"":""INDIA "",""labels"":[""PROPN""]},{""start"":38,""end"":40,""text"":""6 "",""labels"":[""NUM""]},{""start"":40,""end"":46,""text"":""विकेट "",""labels"":[""NOUN""]},{""start"":46,""end"":49,""text"":""से "",""labels"":[""ADP""]},{""start"":49,""end"":53,""text"":""हारा"",""labels"":[""VERB""]},{""start"":54,""end"":56,""text"":""| "",""labels"":[""X""]},{""start"":56,""end"":60,""text"":""IND "",""labels"":[""PROPN""]},{""start"":60,""end"":63,""text"":""Vs "",""labels"":[""X""]},{""start"":63,""end"":66,""text"":""AUS"",""labels"":[""PROPN""]}]",120.11,"World Cup Final 2023: फाइनल में INDIA 6 विकेट से हारा | IND Vs AUS","2025-01-24T10:59:51.601339Z"
26,"1","2025-01-24T12:20:11.768886Z",14542,"[{""start"":0,""end"":6,""text"":""World "",""labels"":[""PROPN""]},{""start"":6,""end"":10,""text"":""Cup "",""labels"":[""PROPN""]},{""start"":10,""end"":16,""text"":""Final "",""labels"":[""PROPN""]},{""start"":16,""end"":20,""text"":""2023"",""labels"":[""NUM""]},{""start"":20,""end"":21,""text"":"":"",""labels"":[""X""]},{""start"":22,""end"":26,""text"":""मां "",""labels"":[""NOUN""]},{""start"":26,""end"":28,""text"":""ने"",""labels"":[""ADP""]},{""start"":29,""end"":33,""text"":""शमी "",""labels"":[""PROPN""]},{""start"":33,""end"":35,""text"":""से"",""labels"":[""ADP""]},{""start"":36,""end"":39,""text"":""कहा"",""labels"":[""VERB""]},{""start"":40,""end"":44,""text"":""बेटा"",""labels"":[""NOUN""]},{""start"":45,""end"":51,""text"":""world "",""labels"":[""PROPN""]},{""start"":51,""end"":55,""text"":""cup "",""labels"":[""PROPN""]},{""start"":55,""end"":60,""text"":""चाहिए"",""labels"":[""VERB""]},{""start"":60,""end"":61,""text"":"","",""labels"":[""X""]},{""start"":62,""end"":69,""text"":""finals "",""labels"":[""NOUN""]},{""start"":69,""end"":71,""text"":""से"",""labels"":[""ADP""]},{""start"":72,""end"":76,""text"":""पहले"",""labels"":[""ADV""]},{""start"":77,""end"":80,""text"":""शमी"",""labels"":[""PROPN""]},{""start"":81,""end"":83,""text"":""की"",""labels"":[""ADP""]},{""start"":84,""end"":90,""text"":""अम्मी "",""labels"":[""PROPN""]},{""start"":90,""end"":92,""text"":""से"",""labels"":[""ADP""]},{""start"":93,""end"":96,""text"":""बात"",""labels"":[""NOUN""]}]",406.853,"World Cup Final 2023: मां ने शमी से कहा बेटा world cup चाहिए, finals से पहले शमी की अम्मी से बात","2025-01-24T12:20:11.768886Z"
27,"1","2025-01-24T12:26:07.624889Z",14543,"[{""start"":6,""end"":10,""text"":""Cup "",""labels"":[""PROPN""]},{""start"":0,""end"":5,""text"":""World"",""labels"":[""PROPN""]},{""start"":10,""end"":16,""text"":""Final "",""labels"":[""PROPN""]},{""start"":16,""end"":21,""text"":""2023 "",""labels"":[""NUM""]},{""start"":21,""end"":25,""text"":""Ind "",""labels"":[""PROPN""]},{""start"":28,""end"":31,""text"":""Aus"",""labels"":[""PROPN""]},{""start"":25,""end"":28,""text"":""Vs "",""labels"":[""X""]},{""start"":31,""end"":32,""text"":"":"",""labels"":[""X""]},{""start"":33,""end"":39,""text"":""Bharat"",""labels"":[""PROPN""]},{""start"":40,""end"":42,""text"":""की"",""labels"":[""ADP""]},{""start"":43,""end"":47,""text"":""जीत "",""labels"":[""NOUN""]},{""start"":47,""end"":49,""text"":""के"",""labels"":[""ADP""]},{""start"":50,""end"":53,""text"":""लिए"",""labels"":[""ADP""]},{""start"":54,""end"":65,""text"":""महाकालेश्वर"",""labels"":[""PROPN""]},{""start"":66,""end"":71,""text"":""मंदिर"",""labels"":[""NOUN""]},{""start"":72,""end"":76,""text"":""में "",""labels"":[""ADP""]},{""start"":76,""end"":80,""text"":""पूजा"",""labels"":[""NOUN""]}]",147.741,"World Cup Final 2023 Ind Vs Aus: Bharat की जीत के लिए महाकालेश्वर मंदिर में पूजा","2025-01-24T12:26:07.624889Z"
28,"1","2025-01-24T12:36:50.861153Z",14544,"[{""start"":0,""end"":6,""text"":""World "",""labels"":[""PROPN""]},{""start"":6,""end"":10,""text"":""Cup "",""labels"":[""PROPN""]},{""start"":10,""end"":16,""text"":""Final "",""labels"":[""PROPN""]},{""start"":16,""end"":20,""text"":""2023"",""labels"":[""NUM""]},{""start"":21,""end"":25,""text"":""IND "",""labels"":[""PROPN""]},{""start"":28,""end"":31,""text"":""AUS"",""labels"":[""PROPN""]},{""start"":25,""end"":28,""text"":""Vs "",""labels"":[""X""]},{""start"":33,""end"":38,""text"":""Final"",""labels"":[""NOUN""]},{""start"":39,""end"":42,""text"":""के "",""labels"":[""ADP""]},{""start"":42,""end"":44,""text"":""22"",""labels"":[""NUM""]},{""start"":45,""end"":56,""text"":""खिलाड़ियों "",""labels"":[""NOUN""]},{""start"":56,""end"":58,""text"":""का"",""labels"":[""ADP""]},{""start"":59,""end"":64,""text"":""फेसऑफ"",""labels"":[""NOUN""]},{""start"":66,""end"":71,""text"":""भारत "",""labels"":[""PROPN""]},{""start"":71,""end"":73,""text"":""के"",""labels"":[""ADP""]},{""start"":74,""end"":77,""text"":""टॉप"",""labels"":[""ADJ""]},{""start"":77,""end"":78,""text"":""-"",""labels"":[""X""]},{""start"":78,""end"":79,""text"":""5"",""labels"":[""NUM""]},{""start"":80,""end"":86,""text"":""बैटर्स"",""labels"":[""NOUN""]},{""start"":87,""end"":90,""text"":""के "",""labels"":[""ADP""]},{""start"":90,""end"":93,""text"":""नाम"",""labels"":[""NOUN""]},{""start"":94,""end"":95,""text"":""7"",""labels"":[""NUM""]},{""start"":96,""end"":99,""text"":""शतक"",""labels"":[""NOUN""]}]",374.129,"World Cup Final 2023 IND Vs AUS: Final के 22 खिलाड़ियों का फेसऑफ, भारत के टॉप-5 बैटर्स के नाम 7 शतक","2025-01-24T12:36:50.861153Z"
29,"1","2025-01-24T12:41:21.369114Z",14545,"[{""start"":0,""end"":5,""text"":""Chhat"",""labels"":[""PROPN""]},{""start"":6,""end"":11,""text"":""Puja "",""labels"":[""PROPN""]},{""start"":11,""end"":15,""text"":""2023"",""labels"":[""NUM""]},{""start"":15,""end"":16,""text"":"":"",""labels"":[""X""]},{""start"":17,""end"":26,""text"":""नहाय-खाय "",""labels"":[""NOUN""]},{""start"":26,""end"":29,""text"":""के "",""labels"":[""ADP""]},{""start"":29,""end"":33,""text"":""साथ "",""labels"":[""ADP""]},{""start"":33,""end"":35,""text"":""छठ"",""labels"":[""PROPN""]},{""start"":36,""end"":43,""text"":""महापर्व"",""labels"":[""NOUN""]},{""start"":44,""end"":46,""text"":""की"",""labels"":[""ADP""]},{""start"":47,""end"":53,""text"":""शुरुआत"",""labels"":[""NOUN""]},{""start"":53,""end"":54,""text"":"":"",""labels"":[""X""]},{""start"":55,""end"":63,""text"":""व्रतियों"",""labels"":[""NOUN""]},{""start"":64,""end"":66,""text"":""ने"",""labels"":[""ADP""]},{""start"":67,""end"":72,""text"":""Ganga"",""labels"":[""PROPN""]},{""start"":73,""end"":76,""text"":""में"",""labels"":[""ADP""]},{""start"":77,""end"":81,""text"":""लगाई"",""labels"":[""VERB""]},{""start"":82,""end"":87,""text"":""डुबकी"",""labels"":[""NOUN""]}]",265.606,"Chhat Puja 2023: नहाय-खाय के साथ छठ महापर्व की शुरुआत: व्रतियों ने Ganga में लगाई डुबकी","2025-01-24T12:41:21.369114Z"
30,"1","2025-01-24T12:46:46.541033Z",14546,"[{""start"":0,""end"":10,""text"":""Interview "",""labels"":[""NOUN""]},{""start"":10,""end"":11,""text"":""|"",""labels"":[""X""]},{""start"":12,""end"":14,""text"":""ED"",""labels"":[""PROPN""]},{""start"":15,""end"":17,""text"":""और"",""labels"":[""CONJ""]},{""start"":18,""end"":21,""text"":""CBI"",""labels"":[""PROPN""]},{""start"":22,""end"":25,""text"":""के "",""labels"":[""ADP""]},{""start"":25,""end"":28,""text"":""काम"",""labels"":[""NOUN""]},{""start"":29,""end"":31,""text"":""पर"",""labels"":[""ADP""]},{""start"":32,""end"":36,""text"":""होने"",""labels"":[""VERB""]},{""start"":37,""end"":41,""text"":""वाले"",""labels"":[""ADJ""]},{""start"":42,""end"":45,""text"":""वार"",""labels"":[""NOUN""]},{""start"":46,""end"":49,""text"":""पर "",""labels"":[""PRON_WH""]},{""start"":49,""end"":53,""text"":""क्या"",""labels"":[""PRON_WH""]},{""start"":54,""end"":58,""text"":""बोले"",""labels"":[""VERB""]},{""start"":59,""end"":66,""text"":""अश्विनी"",""labels"":[""PROPN""]},{""start"":67,""end"":73,""text"":""वैष्णव"",""labels"":[""PROPN""]},{""start"":74,""end"":75,""text"":""|"",""labels"":[""X""]},{""start"":76,""end"":80,""text"":""Neta"",""labels"":[""PROPN""]},{""start"":81,""end"":83,""text"":""Ji"",""labels"":[""PROPN""]},{""start"":84,""end"":92,""text"":""NewsRoom"",""labels"":[""PROPN""]},{""start"":93,""end"":97,""text"":""Mein"",""labels"":[""ADP""]}]",306.353,"Interview | ED और CBI के काम पर होने वाले वार पर क्या बोले अश्विनी वैष्णव | Neta Ji NewsRoom Mein","2025-01-24T12:46:46.541033Z"
31,"1","2025-01-24T14:00:59.195812Z",14547,"[{""start"":0,""end"":8,""text"":""Raymond "",""labels"":[""PROPN""]},{""start"":8,""end"":11,""text"":""MD "",""labels"":[""PROPN""]},{""start"":11,""end"":18,""text"":""Divorce"",""labels"":[""NOUN""]},{""start"":18,""end"":19,""text"":"":"",""labels"":[""X""]},{""start"":20,""end"":28,""text"":""Raymond "",""labels"":[""PROPN""]},{""start"":28,""end"":30,""text"":""के"",""labels"":[""ADP""]},{""start"":31,""end"":34,""text"":""MD "",""labels"":[""PROPN""]},{""start"":34,""end"":39,""text"":""गौतम "",""labels"":[""PROPN""]},{""start"":39,""end"":49,""text"":""सिंघानिया "",""labels"":[""PROPN""]},{""start"":49,""end"":55,""text"":""पत्नी "",""labels"":[""NOUN""]},{""start"":55,""end"":60,""text"":""नवाज "",""labels"":[""PROPN""]},{""start"":60,""end"":62,""text"":""से"",""labels"":[""ADP""]},{""start"":63,""end"":66,""text"":""अलग"",""labels"":[""ADJ""]},{""start"":67,""end"":70,""text"":""हुए"",""labels"":[""VERB""]}]",4444.098,"Raymond MD Divorce: Raymond के MD गौतम सिंघानिया पत्नी नवाज से अलग हुए","2025-01-24T14:00:59.195812Z"
41,"1","2025-01-24T14:40:45.086760Z",14548,"[{""start"":0,""end"":6,""text"":""Delhi "",""labels"":[""PROPN""]},{""start"":6,""end"":10,""text"":""Rain"",""labels"":[""NOUN""]},{""start"":10,""end"":11,""text"":"":"",""labels"":[""X""]},{""start"":12,""end"":14,""text"":""SC"",""labels"":[""PROPN""]},{""start"":15,""end"":19,""text"":""बोला"",""labels"":[""VERB""]},{""start"":19,""end"":20,""text"":""-"",""labels"":[""X""]},{""start"":21,""end"":25,""text"":""हमें"",""labels"":[""PRON""]},{""start"":26,""end"":31,""text"":""नतीजे"",""labels"":[""NOUN""]},{""start"":32,""end"":37,""text"":""चाहिए"",""labels"":[""VERB""]},{""start"":37,""end"":38,""text"":"","",""labels"":[""X""]},{""start"":39,""end"":47,""text"":""केजरीवाल"",""labels"":[""PROPN""]},{""start"":48,""end"":53,""text"":""सरकार"",""labels"":[""NOUN""]},{""start"":54,""end"":58,""text"":""बोली"",""labels"":[""VERB""]},{""start"":58,""end"":60,""text"":""- "",""labels"":[""X""]},{""start"":60,""end"":65,""text"":""बारिश"",""labels"":[""NOUN""]},{""start"":66,""end"":68,""text"":""से"",""labels"":[""ADP""]},{""start"":69,""end"":72,""text"":""एयर"",""labels"":[""NOUN""]},{""start"":73,""end"":81,""text"":""क्वालिटी"",""labels"":[""PROPN""]},{""start"":82,""end"":87,""text"":""बेहतर"",""labels"":[""ADJ""]}]",243.837,"Delhi Rain: SC बोला- हमें नतीजे चाहिए, केजरीवाल सरकार बोली- बारिश से एयर क्वालिटी बेहतर.","2025-01-24T14:40:45.086760Z"
32,"1","2025-01-24T14:09:37.276442Z",14549,"[{""start"":0,""end"":3,""text"":""PM "",""labels"":[""PROPN""]},{""start"":3,""end"":7,""text"":""कोई "",""labels"":[""PRON""]},{""start"":7,""end"":9,""text"":""भी"",""labels"":[""PART""]},{""start"":10,""end"":14,""text"":""होता"",""labels"":[""VERB""]},{""start"":16,""end"":20,""text"":""G20 "",""labels"":[""PROPN""]},{""start"":20,""end"":22,""text"":""तो"",""labels"":[""PART""]},{""start"":23,""end"":27,""text"":""होना"",""labels"":[""VERB""]},{""start"":28,""end"":30,""text"":""ही"",""labels"":[""PART""]},{""start"":31,""end"":33,""text"":""था"",""labels"":[""VERB""]},{""start"":33,""end"":36,""text"":""..."",""labels"":[""X""]},{""start"":37,""end"":42,""text"":""Modi "",""labels"":[""PROPN""]},{""start"":42,""end"":44,""text"":""का"",""labels"":[""ADP""]},{""start"":45,""end"":50,""text"":""इतना "",""labels"":[""ADV""]},{""start"":50,""end"":60,""text"":""महिमामंडन "",""labels"":[""NOUN""]},{""start"":60,""end"":65,""text"":""क्यों"",""labels"":[""PRON_WH""]},{""start"":65,""end"":66,""text"":""?"",""labels"":[""X""]},{""start"":67,""end"":68,""text"":""|"",""labels"":[""X""]},{""start"":69,""end"":73,""text"":""G20 "",""labels"":[""PROPN""]},{""start"":73,""end"":80,""text"":""Summit "",""labels"":[""PROPN""]},{""start"":80,""end"":85,""text"":""India"",""labels"":[""NOUN""]}]",494.851,"PM कोई भी होता, G20 तो होना ही था... Modi का इतना महिमामंडन क्यों? | G20 Summit India","2025-01-24T14:09:37.276442Z"
33,"1","2025-01-24T14:14:00.549228Z",14550,"[{""start"":0,""end"":8,""text"":""Priyanka"",""labels"":[""PROPN""]},{""start"":9,""end"":16,""text"":""Gandhi "",""labels"":[""PROPN""]},{""start"":16,""end"":19,""text"":""ने "",""labels"":[""ADP""]},{""start"":19,""end"":23,""text"":""बताई"",""labels"":[""VERB""]},{""start"":24,""end"":31,""text"":""नेताओं "",""labels"":[""NOUN""]},{""start"":31,""end"":34,""text"":""की "",""labels"":[""ADP""]},{""start"":34,""end"":39,""text"":""पहचान"",""labels"":[""NOUN""]},{""start"":39,""end"":40,""text"":"","",""labels"":[""X""]},{""start"":41,""end"":45,""text"":""नेता"",""labels"":[""NOUN""]},{""start"":46,""end"":47,""text"":""2"",""labels"":[""NUM""]},{""start"":48,""end"":51,""text"":""तरह"",""labels"":[""NOUN""]},{""start"":52,""end"":54,""text"":""के"",""labels"":[""ADP""]},{""start"":55,""end"":60,""text"":""होते "",""labels"":[""VERB""]},{""start"":60,""end"":63,""text"":""हैं"",""labels"":[""VERB""]},{""start"":65,""end"":67,""text"":"". "",""labels"":[""X""]},{""start"":63,""end"":64,""text"":""."",""labels"":[""X""]},{""start"":64,""end"":65,""text"":""."",""labels"":[""X""]},{""start"":69,""end"":78,""text"":""Rajasthan"",""labels"":[""PROPN""]},{""start"":81,""end"":84,""text"":""CM "",""labels"":[""PROPN""]},{""start"":84,""end"":90,""text"":""Ashok "",""labels"":[""PROPN""]},{""start"":90,""end"":96,""text"":""Gehlot"",""labels"":[""PROPN""]},{""start"":67,""end"":68,""text"":""|"",""labels"":[""X""]},{""start"":79,""end"":80,""text"":""|"",""labels"":[""X""]}]",249.817,"Priyanka Gandhi ने बताई नेताओं की पहचान, नेता 2 तरह के होते हैं... | Rajasthan | CM Ashok Gehlot","2025-01-24T14:14:00.549228Z"
34,"1","2025-01-24T14:15:55.166966Z",14551,"[{""start"":0,""end"":9,""text"":""Priyanka "",""labels"":[""PROPN""]},{""start"":9,""end"":16,""text"":""Gandhi "",""labels"":[""PROPN""]},{""start"":16,""end"":19,""text"":""ने "",""labels"":[""ADV""]},{""start"":19,""end"":22,""text"":""की "",""labels"":[""ADV""]},{""start"":22,""end"":32,""text"":""Rajasthan "",""labels"":[""NOUN""]},{""start"":32,""end"":35,""text"":""की "",""labels"":[""ADP""]},{""start"":35,""end"":40,""text"":""तारीफ"",""labels"":[""NOUN""]},{""start"":41,""end"":42,""text"":""."",""labels"":[""X""]},{""start"":40,""end"":41,""text"":""."",""labels"":[""X""]},{""start"":43,""end"":50,""text"":""कर्तव्य"",""labels"":[""PROPN""]},{""start"":52,""end"":56,""text"":""सेवा"",""labels"":[""NOUN""]},{""start"":57,""end"":59,""text"":""और"",""labels"":[""CONJ""]},{""start"":60,""end"":66,""text"":""वीरता "",""labels"":[""NOUN""]},{""start"":66,""end"":68,""text"":""की"",""labels"":[""ADP""]},{""start"":69,""end"":75,""text"":""मिसाल "",""labels"":[""NOUN""]},{""start"":75,""end"":78,""text"":""है "",""labels"":[""VERB""]},{""start"":78,""end"":86,""text"":""राजस्थान"",""labels"":[""NOUN""]},{""start"":86,""end"":87,""text"":""।"",""labels"":[""X""]}]",112.977,"Priyanka Gandhi ने की Rajasthan की तारीफ.. कर्तव्य, सेवा और वीरता की मिसाल है राजस्थान।","2025-01-24T14:15:55.166966Z"
35,"1","2025-01-24T14:21:08.154985Z",14552,"[{""start"":0,""end"":2,""text"":""जो"",""labels"":[""PRON_WH""]},{""start"":3,""end"":8,""text"":""भारत "",""labels"":[""PROPN""]},{""start"":8,""end"":10,""text"":""है"",""labels"":[""VERB""]},{""start"":11,""end"":14,""text"":""वही"",""labels"":[""PRON""]},{""start"":15,""end"":20,""text"":""INDIA"",""labels"":[""PROPN""]},{""start"":21,""end"":23,""text"":""है"",""labels"":[""X""]},{""start"":23,""end"":24,""text"":"","",""labels"":[""X""]},{""start"":25,""end"":27,""text"":""जो"",""labels"":[""PRON_WH""]},{""start"":28,""end"":34,""text"":""INDIA "",""labels"":[""PROPN""]},{""start"":34,""end"":36,""text"":""है"",""labels"":[""VERB""]},{""start"":37,""end"":41,""text"":""वही "",""labels"":[""PRON""]},{""start"":41,""end"":46,""text"":""भारत "",""labels"":[""PROPN""]},{""start"":46,""end"":48,""text"":""है"",""labels"":[""VERB""]},{""start"":48,""end"":49,""text"":"","",""labels"":[""X""]},{""start"":50,""end"":54,""text"":""जैसे"",""labels"":[""ADP""]},{""start"":55,""end"":57,""text"":""जो"",""labels"":[""ADP""]},{""start"":58,""end"":63,""text"":""अडानी"",""labels"":[""PROPN""]},{""start"":64,""end"":66,""text"":""है"",""labels"":[""VERB""]},{""start"":67,""end"":70,""text"":""वही"",""labels"":[""PRON""]},{""start"":71,""end"":76,""text"":""मोदी "",""labels"":[""PROPN""]},{""start"":76,""end"":78,""text"":""है"",""labels"":[""VERB""]},{""start"":78,""end"":80,""text"":""'-"",""labels"":[""X""]},{""start"":81,""end"":98,""text"":""Imran Pratapgarhi"",""labels"":[""PROPN""]}]",311.023,"जो भारत है वही INDIA है, जो INDIA है वही भारत है, जैसे जो अडानी है वही मोदी है'- Imran Pratapgarhi","2025-01-24T14:21:08.154985Z"
36,"1","2025-01-24T14:23:49.083739Z",14553,"[{""start"":0,""end"":4,""text"":""G20 "",""labels"":[""PROPN""]},{""start"":11,""end"":18,""text"":""PM Modi"",""labels"":[""PROPN""]},{""start"":4,""end"":7,""text"":""के "",""labels"":[""ADP""]},{""start"":7,""end"":11,""text"":""लिए "",""labels"":[""ADP""]},{""start"":19,""end"":22,""text"":""ने "",""labels"":[""ADP""]},{""start"":22,""end"":27,""text"":""भारत "",""labels"":[""PROPN""]},{""start"":27,""end"":30,""text"":""के "",""labels"":[""ADP""]},{""start"":30,""end"":37,""text"":""गरीबों "",""labels"":[""NOUN""]},{""start"":37,""end"":39,""text"":""को"",""labels"":[""ADP""]},{""start"":40,""end"":45,""text"":""रुला "",""labels"":[""VERB""]},{""start"":45,""end"":49,""text"":""दिया"",""labels"":[""VERB""]},{""start"":49,""end"":50,""text"":""।"",""labels"":[""X""]},{""start"":51,""end"":57,""text"":""Delhi "",""labels"":[""PROPN""]},{""start"":57,""end"":62,""text"":""Slum "",""labels"":[""PROPN""]},{""start"":62,""end"":69,""text"":""Covered"",""labels"":[""VERB""]},{""start"":70,""end"":71,""text"":""|"",""labels"":[""X""]},{""start"":72,""end"":79,""text"":""Street "",""labels"":[""NOUN""]},{""start"":79,""end"":84,""text"":""Dogs "",""labels"":[""NOUN""]},{""start"":84,""end"":85,""text"":""|"",""labels"":[""X""]},{""start"":86,""end"":89,""text"":""G20"",""labels"":[""PROPN""]},{""start"":90,""end"":96,""text"":""Summit"",""labels"":[""PROPN""]}]",157.785,"G20 के लिए PM Modi ने भारत के गरीबों को रुला दिया। Delhi Slum Covered | Street Dogs | G20 Summit","2025-01-24T14:23:49.083739Z"
37,"1","2025-01-24T14:25:59.682890Z",14554,"[{""start"":0,""end"":6,""text"":""थोड़ी "",""labels"":[""ADJ""]},{""start"":6,""end"":8,""text"":""सी"",""labels"":[""PART""]},{""start"":9,""end"":15,""text"":""बारिश "",""labels"":[""NOUN""]},{""start"":15,""end"":18,""text"":""में"",""labels"":[""ADP""]},{""start"":19,""end"":21,""text"":""ही"",""labels"":[""PART""]},{""start"":22,""end"":25,""text"":""G20"",""labels"":[""PROPN""]},{""start"":26,""end"":33,""text"":""सम्मेलन"",""labels"":[""NOUN""]},{""start"":34,""end"":38,""text"":""स्थल"",""labels"":[""NOUN""]},{""start"":39,""end"":48,""text"":""पानी-पानी"",""labels"":[""NOUN""]},{""start"":49,""end"":52,""text"":""हो "",""labels"":[""VERB""]},{""start"":52,""end"":55,""text"":""गया"",""labels"":[""VERB""]},{""start"":55,""end"":56,""text"":"","",""labels"":[""X""]},{""start"":57,""end"":62,""text"":""Modi "",""labels"":[""NOUN""]},{""start"":62,""end"":64,""text"":""जी"",""labels"":[""PRON""]},{""start"":65,""end"":71,""text"":""अहंकार"",""labels"":[""NOUN""]},{""start"":72,""end"":74,""text"":""मत"",""labels"":[""PART_NEG""]},{""start"":75,""end"":78,""text"":""करो"",""labels"":[""VERB""]},{""start"":78,""end"":81,""text"":""..."",""labels"":[""X""]},{""start"":82,""end"":83,""text"":""|"",""labels"":[""X""]},{""start"":84,""end"":99,""text"":""Priyanka Gandhi"",""labels"":[""PROPN""]}]",128.868,"थोड़ी सी बारिश में ही G20 सम्मेलन स्थल पानी-पानी हो गया, Modi जी अहंकार मत करो... | Priyanka Gandhi","2025-01-24T14:25:59.682890Z"
38,"1","2025-01-24T14:30:09.512033Z",14555,"[{""start"":0,""end"":3,""text"":""CM "",""labels"":[""PROPN""]},{""start"":3,""end"":9,""text"":""Ashok "",""labels"":[""PROPN""]},{""start"":9,""end"":16,""text"":""Gehlot "",""labels"":[""PROPN""]},{""start"":16,""end"":19,""text"":""ने "",""labels"":[""ADP""]},{""start"":19,""end"":24,""text"":""बताई "",""labels"":[""VERB""]},{""start"":24,""end"":29,""text"":""क्या "",""labels"":[""PRON_WH""]},{""start"":29,""end"":33,""text"":""हैं "",""labels"":[""VERB""]},{""start"":33,""end"":37,""text"":""उनकी"",""labels"":[""PRON""]},{""start"":38,""end"":42,""text"":""ज़िद"",""labels"":[""NOUN""]},{""start"":42,""end"":45,""text"":""..."",""labels"":[""X""]},{""start"":46,""end"":47,""text"":""|"",""labels"":[""X""]},{""start"":48,""end"":52,""text"":""Full"",""labels"":[""ADJ""]},{""start"":53,""end"":60,""text"":""Speech "",""labels"":[""NOUN""]},{""start"":62,""end"":72,""text"":""Rajasthan "",""labels"":[""PROPN""]},{""start"":72,""end"":81,""text"":""Election "",""labels"":[""NOUN""]},{""start"":81,""end"":82,""text"":""|"",""labels"":[""X""]},{""start"":83,""end"":87,""text"":""अशोक"",""labels"":[""PROPN""]},{""start"":88,""end"":93,""text"":""गहलोत"",""labels"":[""PROPN""]}]",247.637,"CM Ashok Gehlot ने बताई क्या हैं उनकी ज़िद... | Full Speech | Rajasthan Election | अशोक गहलोत","2025-01-24T14:30:09.512033Z"
39,"1","2025-01-24T14:32:57.997906Z",14556,"[{""start"":0,""end"":5,""text"":""Modi "",""labels"":[""PROPN""]},{""start"":5,""end"":7,""text"":""जी"",""labels"":[""PRON""]},{""start"":8,""end"":11,""text"":""अब "",""labels"":[""ADV""]},{""start"":11,""end"":13,""text"":""तो"",""labels"":[""PART""]},{""start"":14,""end"":20,""text"":""भगवान "",""labels"":[""NOUN""]},{""start"":20,""end"":22,""text"":""भी"",""labels"":[""PART""]},{""start"":23,""end"":25,""text"":""कह"",""labels"":[""VERB""]},{""start"":26,""end"":30,""text"":""रहे "",""labels"":[""VERB""]},{""start"":30,""end"":34,""text"":""हैं "",""labels"":[""VERB""]},{""start"":34,""end"":41,""text"":""अहंकार "",""labels"":[""NOUN""]},{""start"":41,""end"":44,""text"":""कम "",""labels"":[""ADJ""]},{""start"":44,""end"":47,""text"":""कर "",""labels"":[""VERB""]},{""start"":47,""end"":49,""text"":""दो"",""labels"":[""VERB""]},{""start"":49,""end"":52,""text"":""..."",""labels"":[""X""]},{""start"":53,""end"":62,""text"":""Priyanka "",""labels"":[""PROPN""]},{""start"":62,""end"":69,""text"":""Gandhi "",""labels"":[""PROPN""]},{""start"":69,""end"":74,""text"":""Full "",""labels"":[""ADJ""]},{""start"":74,""end"":81,""text"":""Speech "",""labels"":[""NOUN""]},{""start"":81,""end"":82,""text"":""|"",""labels"":[""X""]},{""start"":83,""end"":92,""text"":""Rajasthan"",""labels"":[""PROPN""]}]",166.751,"Modi जी अब तो भगवान भी कह रहे हैं अहंकार कम कर दो... Priyanka Gandhi Full Speech | Rajasthan","2025-01-24T14:32:57.997906Z"
40,"1","2025-01-24T14:35:20.756336Z",14557,"[{""start"":0,""end"":7,""text"":""Indira "",""labels"":[""PROPN""]},{""start"":7,""end"":14,""text"":""Gandhi "",""labels"":[""PROPN""]},{""start"":14,""end"":16,""text"":""को"",""labels"":[""ADP""]},{""start"":17,""end"":20,""text"":""याद"",""labels"":[""VERB""]},{""start"":21,""end"":24,""text"":""कर "",""labels"":[""VERB""]},{""start"":24,""end"":35,""text"":""Sukhjinder "",""labels"":[""PROPN""]},{""start"":35,""end"":41,""text"":""Singh "",""labels"":[""PROPN""]},{""start"":41,""end"":50,""text"":""Randhawa "",""labels"":[""PROPN""]},{""start"":50,""end"":53,""text"":""ने "",""labels"":[""ADP""]},{""start"":53,""end"":62,""text"":""Priyanka "",""labels"":[""PROPN""]},{""start"":62,""end"":69,""text"":""Gandhi "",""labels"":[""PROPN""]},{""start"":69,""end"":72,""text"":""के "",""labels"":[""ADP""]},{""start"":72,""end"":78,""text"":""सामने "",""labels"":[""NOUN""]},{""start"":78,""end"":81,""text"":""कही"",""labels"":[""VERB""]},{""start"":82,""end"":87,""text"":""बड़ी "",""labels"":[""ADJ""]},{""start"":87,""end"":90,""text"":""बात"",""labels"":[""NOUN""]},{""start"":90,""end"":91,""text"":""।"",""labels"":[""X""]}]",141.024,"Indira Gandhi को याद कर Sukhjinder Singh Randhawa ने Priyanka Gandhi के सामने कही बड़ी बात।","2025-01-24T14:35:20.756336Z"
